feature,coef
decision_lat_v,0.3818081009053369
decision_speed_delta,0.3522507205479945
decision_acc_delta,0.19239358837272102
decision_dy_abs,0.08446320246367366
