risk_thw,events,exec_thw_median,exec_dhw_median,decision_lat_v_median,exec_lat_v_median,exec_speed_delta_median
False,467,1.7156118143459902,51.400000000000034,0.87,0.83,2.9693142263485583
True,147,0.5371621621621623,13.569999999999991,1.01,0.99,6.4801106456535535
