recording_id,cutins,exec_thw_median,exec_dhw_median,exec_ttc_finite,risky,very_risky,decision_lat_v_median,exec_lat_v_median,risky_pct,very_risky_pct
1,106,1.0460143909385946,27.375,36,26,10,0.94,0.875,24.5,9.4
2,87,1.3011683254002593,33.06,29,22,12,0.9,0.89,25.3,13.8
3,85,1.2250937890787823,30.84999999999999,29,18,9,0.89,0.87,21.2,10.6
4,164,1.375322568194293,39.620000000000005,55,47,20,0.885,0.85,28.7,12.2
5,172,1.3924929990225525,40.54999999999998,58,34,14,0.91,0.855,19.8,8.1
