recording_id,cutins,ttc_finite,exec_thw_median
1,106,40,1.0460143909385946
2,87,32,1.3011683254002593
3,85,29,1.2250937890787823
4,164,59,1.375322568194293
5,172,62,1.3924929990225525
