recording_id,events,cand_ratio_median,mode_ratio_median,match_mode_rate,match_last_rate,match_ratio_median
01,103,1.0,1.0,0.941747572815534,0.9514563106796117,1.0
02,83,1.0,1.0,0.9397590361445783,0.9397590361445783,1.0
