risk_thw,events,exec_thw_median,exec_dhw_median,decision_lat_v_median,exec_lat_v_median,exec_speed_delta_median
False,89,1.2630718954248366,32.69000000000001,0.93,0.86,6.613074904775537
True,14,0.5556134546457125,16.095,1.08,1.025,3.5400116700957014
