heldout_recording,threshold,precision,recall,fbeta,tp,fp,fn,tn,n_test
1,0.24999999999999994,0.0,0.0,0.0,0,10,14,74,98
2,0.20999999999999996,0.0,0.0,0.0,0,4,14,60,78
