heldout_recording,threshold,precision,recall,f1,tp,fp,fn,tn,n_test
1,0.16999999999999998,0.13953488372093023,0.42857142857142855,0.2105263157894737,6,37,8,47,98
2,0.20999999999999996,0.0,0.0,0.0,0,4,14,60,78
