feature,coef
decision_lat_v,0.1664121822190883
decision_acc_delta,0.15322871770780958
decision_dy_abs,0.062363551915858864
decision_speed_delta,-0.13191186847963438
