recording_id,events,cand_ratio_median,mode_ratio_median,match_mode_rate,match_last_rate,match_ratio_median
01,106,1.0,1.0,0.9150943396226415,0.9245283018867925,1.0
02,87,1.0,1.0,0.896551724137931,0.896551724137931,1.0
03,85,1.0,1.0,0.8941176470588236,0.8941176470588236,1.0
04,164,1.0,1.0,0.8719512195121951,0.8719512195121951,1.0
05,172,1.0,1.0,0.8255813953488372,0.8488372093023255,1.0
