recording_id,cutins,ttc_finite,exec_thw_median
1,103,37,1.0224215246636768
10,93,43,1.3969125214408242
2,83,31,1.2551546391752582
3,78,24,1.1553728024890209
4,153,53,1.2999999999999998
5,160,53,1.3602910064059337
6,189,56,1.150913423351866
7,99,36,1.2733333333333334
8,167,56,1.1056860321384423
9,156,57,1.1849655460389983
