risk_thw,events,exec_thw_median,exec_dhw_median,decision_lat_v_median,exec_lat_v_median,exec_speed_delta_median
False,956,1.6454907975781574,49.80499999999999,0.86,0.84,3.2907841620511142
True,325,0.5200163398692818,14.300000000000011,0.94,0.94,5.432963998999583
